{
	"format_version": "1.10.0",
	"animations": {
		"animation.player_first_person_michelangelo.idle": {
			"loop": true,
			"animation_length": 2,
			"anim_time_update": "query.anim_time + (query.delta_time * 1.0)",
			"bones": {
				"rightArm": {
					"rotation": {
						"0.0": {
							"post": [-4.9954, 0.43461, 2.46678],
							"lerp_mode": "catmullrom"
						},
						"1.0": {
							"post": [9.78217, 2.57594, -9.6658],
							"lerp_mode": "catmullrom"
						},
						"2.0": {
							"post": [-4.9954, 0.43461, 2.46678],
							"lerp_mode": "catmullrom"
						}
					}
				},
				"fp_right_nunchuk": {
					"rotation": {
						"0.0": [-1.87, 0, 0],
						"0.0833": [-2.5, 0, 0],
						"1.0833": [5, 0, 0],
						"2.0": [-1.87, 0, 0]
					}
				},
				"fp_right_chain": {
					"rotation": {
						"0.0": [1.25, 0, 0],
						"0.1667": [0, 0, 0],
						"1.1667": [20, 0, 0],
						"2.0": [1.25, 0, 0]
					}
				},
				"leftArm": {
					"rotation": {
						"0.0": [-4.97, -0.87, -3.32],
						"0.1667": [-7.47178, -0.65182, -4.95744],
						"1.1667": [7.28217, -2.57594, 9.6658],
						"2.0": [-3.61, -0.99, -2.42]
					}
				},
				"fp_left_nunchuk": {
					"rotation": {
						"0.0": [-4, 0, 0],
						"0.25": [-5, 0, 0],
						"1.25": [5, 0, 0],
						"2.0": [-4, 0, 0]
					}
				},
				"fp_left_chain": {
					"rotation": {
						"0.0": [1.5, 0, 0],
						"0.3333": [0, 0, 0],
						"1.3333": [22.5, 0, 0],
						"2.0": [1.5, 0, 0]
					}
				}
			}
		},
		"animation.player_first_person_michelangelo.attack_0": {
			"animation_length": 0.9167,
			"anim_time_update": "query.anim_time + (query.delta_time * 1.5)",
			"bones": {
				"rightArm": {
					"rotation": {
						"0.0": [0, 0, 0],
						"0.125": [-69.6, 2.16, -20.52],
						"0.25": [-83.51884, 2.59123, -24.6228],
						"0.4167": [9.87225, -24.55202, -29.16818],
						"0.625": [0, 0, 0]
					},
					"position": {
						"0.0": [0, 0, 0],
						"0.25": [0, 0, 0],
						"0.4167": [0, 0, -2],
						"0.625": [0, 0, 0]
					}
				},
				"fp_right_nunchuk": {
					"rotation": {
						"0.0": [0, 0, 0],
						"0.25": [-42.5, 0, 0],
						"0.4167": [42.5, 0, 0],
						"0.625": [-2.5, 0, 0],
						"0.75": [0, 0, 0]
					}
				},
				"fp_right_chain": {
					"rotation": {
						"0.0": [0, 0, 0],
						"0.0833": [40, 0, 0],
						"0.2917": [-162.5, 0, 0],
						"0.5": [52.5, 0, 0],
						"0.6667": [-5, 0, 0],
						"0.7917": [2.5, 0, 0],
						"0.9167": [0, 0, 0]
					}
				},
				"leftArm": {
					"rotation": {
						"0.0": [0, 0, 0],
						"0.125": [0, 0, -45.83],
						"0.25": [0, 0, -55],
						"0.4167": [130, 0, -55],
						"0.625": [0, 0, 0]
					},
					"position": {
						"0.0": [0, 0, 0],
						"0.25": [0, 0, -2],
						"0.4167": [0, 0, 0],
						"0.625": [0, 0, 0]
					}
				},
				"fp_left_chain": {
					"rotation": {
						"0.0": [0, 0, 0],
						"0.125": [68.75, 0, 0],
						"0.25": [82.5, 0, 0],
						"0.625": [0, 0, 0]
					}
				}
			}
		},
		"animation.player_first_person_michelangelo.attack_1": {
			"animation_length": 0.83333,
			"anim_time_update": "query.anim_time + (query.delta_time * 1.5)",
			"bones": {
				"rightArm": {
					"rotation": {
						"0.0": [0, 0, 0],
						"0.125": [42.67, -41.59, -16.01],
						"0.25": [64.00675, -62.39024, -24.00905],
						"0.4167": [-45.83388, 39.53508, -17.54468],
						"0.625": [0, 0, 0]
					},
					"position": {
						"0.0": [0, 0, 0],
						"0.25": [0, 0, 0],
						"0.4167": [0, 0, -2],
						"0.625": [0, 0, 0]
					}
				},
				"fp_right_nunchuk": {
					"rotation": {
						"0.0": [0, 0, 0],
						"0.125": [-13.75, 0, 0],
						"0.2917": [22.5, 0, 0],
						"0.4583": [0, 0, 0],
						"0.6667": [0, 0, 0],
						"0.7917": [0, 0, 0]
					}
				},
				"fp_right_chain": {
					"rotation": {
						"0.0833": [0, 0, 0],
						"0.2083": [-38.75, 0, 0],
						"0.3333": [52.5, 0, 0],
						"0.5": [-90, 0, 0],
						"0.7083": [15, 0, 0],
						"0.8333": [0, 0, 0]
					}
				},
				"leftArm": {
					"rotation": {
						"0.0": [0, 0, 0],
						"0.125": [73.53, 9.94, -28.21],
						"0.25": [110.30179, 14.90835, -42.31608],
						"0.4167": [110.30179, 14.90835, -42.31608],
						"0.625": [0, 0, 0]
					},
					"position": {
						"0.0": [0, 0, 0],
						"0.25": [0, 0, -2],
						"0.4167": [0, 0, -2],
						"0.625": [0, 0, 0]
					}
				},
				"fp_left_chain": {
					"rotation": {
						"0.375": [0, 0, 0],
						"0.5": [24, 0, 0],
						"0.625": [-10, 0, 0],
						"0.75": [0, 0, 0]
					}
				}
			}
		},
		"animation.player_first_person_michelangelo.attack_2": {
			"animation_length": 0.625,
			"anim_time_update": "query.anim_time + (query.delta_time * 1.5)",
			"bones": {
				"rightArm": {
					"rotation": {
						"0.0": [0, 0, 0],
						"0.125": [-77.86846, -4.54606, 45.11445],
						"0.25": [-85.80214, -5.57897, 50.02583],
						"0.4167": [61.63593, 4.00421, 47.94564],
						"0.625": [0, 0, 0]
					},
					"position": {
						"0.0": [0, 0, 0],
						"0.25": [0, 0, 0],
						"0.4167": [0, 0, 0],
						"0.625": [0, 0, 0]
					}
				},
				"fp_right_chain": {
					"rotation": {
						"0.0": [0, 0, 0],
						"0.125": [37.5, 0, 0],
						"0.25": [-25, 0, 0],
						"0.375": [-165, 0, 0],
						"0.5": [45, 0, 0],
						"0.625": [0, 0, 0]
					}
				},
				"leftArm": {
					"rotation": {
						"0.0": [0, 0, 0],
						"0.125": [-68.27013, 4.00178, -54.90607],
						"0.25": [-86.17074, 5.8377, -59.57422],
						"0.4167": [62.5, 0, -55],
						"0.625": [0, 0, 0]
					},
					"position": {
						"0.0": [0, 0, 0],
						"0.25": [0, 0, 0],
						"0.4167": [0, 0, 0],
						"0.625": [0, 0, 0]
					}
				},
				"fp_left_chain": {
					"rotation": {
						"0.0": [0, 0, 0],
						"0.125": [27.5, 0, 0],
						"0.25": [-40, 0, 0],
						"0.375": [-160, 0, 0],
						"0.5": [45, 0, 0],
						"0.625": [0, 0, 0]
					}
				}
			}
		},
		"animation.player_first_person_michelangelo.block": {
			"loop": "hold_on_last_frame",
			"animation_length": 0.5,
			"override_previous_animation": true,
			"bones": {
				"leftArm": {
					"rotation": [-49.18157, -0.92672, -29.99163]
				},
				"rightArm": {
					"rotation": [-55.87175, -6.40262, 28.89233]
				}
			}
		}
	}
}