{
	"format_version": "1.10.0",
	"animations": {
		"animation.player_first_person_leonardo.idle": {
			"loop": true,
			"animation_length": 2,
			"anim_time_update": "query.anim_time + (query.delta_time * 0.5)",
			"bones": {
				"rightArm": {
					"rotation": {
						"0.0": [-4.97, -0.87, -3.32],
						"0.1667": [-7.47178, -0.65182, -4.95744],
						"1.1667": [7.28217, -2.57594, 9.6658],
						"2.0": [-3.61, -0.99, -2.42]
					}
				},
				"leftArm": {
					"rotation": {
						"0.0": {
							"post": [-4.9954, 0.43461, 2.46678],
							"lerp_mode": "catmullrom"
						},
						"1.0": {
							"post": [9.78217, 2.57594, -9.6658],
							"lerp_mode": "catmullrom"
						},
						"2.0": {
							"post": [-4.9954, 0.43461, 2.46678],
							"lerp_mode": "catmullrom"
						}
					}
				}
			}
		},
		"animation.player_first_person_leonardo.attack_0": {
			"animation_length": 1.29167,
			"anim_time_update": "query.anim_time + (query.delta_time * 1.7)",
			"bones": {
				"rightArm": {
					"rotation": {
						"0.0": [0, 0, 0],
						"0.125": [-25.5, 3.76, -11.83],
						"0.2917": [-42.49235, 6.26569, -19.71249],
						"0.4583": [20.6833, -24.26904, 30.69204],
						"0.7083": [-5, 0, 0],
						"0.9167": [2.5, 0, 0],
						"1.0417": [0, 0, 0]
					}
				},
				"fp_right_weapon": {
					"rotation": {
						"0.0833": [0, 0, 0],
						"0.2083": [0, -13.5, 0],
						"0.375": [0, -22.5, 0],
						"0.5417": [0, 27.5, 0],
						"0.7917": [0, -7.5, 0],
						"1.0": [0, 5, 0],
						"1.125": [0, 0, 0]
					}
				}
			}
		},
		"animation.player_first_person_leonardo.attack_1": {
			"animation_length": 1.125,
			"anim_time_update": "query.anim_time + (query.delta_time * 1.7)",
			"bones": {
				"leftArm": {
					"rotation": {
						"0.0": [0, 0, 0],
						"0.125": [-28.41284, -5.54511, 22.24841],
						"0.2917": [-43.65519, -2.10002, 25.88078],
						"0.4583": [20.7209, 23.2891, -24.53179],
						"0.7083": [-5.2021, -2.04543, 5.2021],
						"0.9167": [2.5, 0, 0],
						"1.0417": [0, 0, 0]
					}
				},
				"fp_left_weapon": {
					"rotation": {
						"0.0833": [0, 0, 0],
						"0.2083": [0, -13.5, 0],
						"0.375": [0, -22.5, 0],
						"0.5417": [0, 27.5, 0],
						"0.7917": [0, -7.5, 0],
						"1.0": [0, 5, 0],
						"1.125": [0, 0, 0]
					}
				}
			}
		},
		"animation.player_first_person_leonardo.attack_2": {
			"animation_length": 1.16667,
			"anim_time_update": "query.anim_time + (query.delta_time * 1.5)",
			"bones": {
				"rightArm": {
					"rotation": {
						"0.0": [0, 0, 0],
						"0.125": [-25.5, 3.76, -11.83],
						"0.2917": [-42.49235, 6.26569, -19.71249],
						"0.4583": [20.6833, -24.26904, 30.69204],
						"0.7083": [-5, 0, 0],
						"0.9167": [2.5, 0, 0],
						"1.0417": [0, 0, 0]
					}
				},
				"fp_right_weapon": {
					"rotation": {
						"0.0833": [0, 0, 0],
						"0.2083": [0, -13.5, 0],
						"0.375": [0, -22.5, 0],
						"0.5417": [0, 27.5, 0],
						"0.7917": [0, -7.5, 0],
						"1.0": [0, 5, 0],
						"1.125": [0, 0, 0]
					}
				},
				"leftArm": {
					"rotation": {
						"0.0417": [0, 0, 0],
						"0.1667": [-28.41284, -5.54511, 22.24841],
						"0.3333": [-43.65519, -2.10002, 25.88078],
						"0.5": [20.7209, 23.2891, -24.53179],
						"0.75": [-5.2021, -2.04543, 5.2021],
						"0.9583": [2.5, 0, 0],
						"1.0833": [0, 0, 0]
					}
				},
				"fp_left_weapon": {
					"rotation": {
						"0.125": [0, 0, 0],
						"0.25": [0, -13.5, 0],
						"0.4167": [0, -22.5, 0],
						"0.5833": [0, 27.5, 0],
						"0.8333": [0, -7.5, 0],
						"1.0417": [0, 5, 0],
						"1.1667": [0, 0, 0]
					}
				}
			}
		},
		"animation.player_first_person_leonardo.block": {
			"loop": "hold_on_last_frame",
			"animation_length": 0.1,
			"override_previous_animation": true,
			"bones": {
				"leftArm": {
					"rotation": [-25.31123, -16.66577, -31.23252]
				},
				"rightArm": {
					"rotation": [-33.65181, 23.03568, 30.44729]
				}
			}
		}
	}
}