{
	"format_version": "1.10.0",
	"animations": {
		"animation.player_first_person_raphael.idle": {
			"loop": true,
			"animation_length": 2,
			"anim_time_update": "query.anim_time + (query.delta_time * 1.5)",
			"bones": {
				"leftArm": {
					"rotation": {
						"0.0": {
							"post": [-4.9954, 0.43461, 2.46678],
							"lerp_mode": "catmullrom"
						},
						"1.0": {
							"post": [9.78217, 2.57594, -9.6658],
							"lerp_mode": "catmullrom"
						},
						"2.0": {
							"post": [-4.9954, 0.43461, 2.46678],
							"lerp_mode": "catmullrom"
						}
					}
				},
				"rightArm": {
					"rotation": {
						"0.0": [-4.97, -0.87, -3.32],
						"0.1667": [-7.47178, -0.65182, -4.95744],
						"1.1667": [7.28217, -2.57594, 9.6658],
						"2.0": [-3.61, -0.99, -2.42]
					}
				}
			}
		},
		"animation.player_first_person_raphael.attack_0": {
			"animation_length": 1.04167,
			"anim_time_update": "query.anim_time + (query.delta_time * 2)",
			"bones": {
				"leftArm": {
					"rotation": {
						"0.0": [0, 0, 0],
						"0.2917": [22.5, 12.5, 0],
						"0.4583": [23.4088, -19.88038, -13.49781],
						"0.7083": [-7.5, 0, 0],
						"0.9167": [0, 0, 0]
					},
					"position": [0, 0, 0]
				},
				"rightArm": {
					"rotation": {
						"0.0": [0, 0, 0],
						"0.125": [-25.5, 3.76, -11.83],
						"0.2917": [-57.49235, 6.26569, -19.71249],
						"0.4583": [20.6833, -24.26904, 30.69204],
						"0.7083": [-5, 0, 0],
						"0.9167": [2.5, 0, 0],
						"1.0417": [0, 0, 0]
					},
					"position": {
						"0.0": [0, 0, 0],
						"0.2917": [0, 1, 2],
						"0.4583": [0, 0, -1],
						"0.7083": [0, 0, 0]
					}
				}
			}
		},
		"animation.player_first_person_raphael.attack_1": {
			"animation_length": 1.04167,
			"anim_time_update": "query.anim_time + (query.delta_time * 2)",
			"bones": {
				"leftArm": {
					"rotation": {
						"0.0": [0, 0, 0],
						"0.2917": [-34.89296, 44.61899, -66.75647],
						"0.4583": [23.4088, -19.88038, -13.49781],
						"0.7083": [-7.5, 0, 0],
						"0.9167": [0, 0, 0]
					},
					"position": [0, 0, 0]
				},
				"rightArm": {
					"rotation": {
						"0.0": [0, 0, 0],
						"0.125": [-25.5, 3.76, -11.83],
						"0.2917": [5.5526, 44.04559, -20.28414],
						"0.4583": [20.6833, -24.26904, 30.69204],
						"0.7083": [-5, 0, 0],
						"0.9167": [2.5, 0, 0],
						"1.0417": [0, 0, 0]
					},
					"position": {
						"0.0": [0, 0, 0],
						"0.2917": [0, 0, 2],
						"0.4583": [0, 0, -1],
						"0.7083": [0, 0, 0]
					}
				}
			}
		},
		"animation.player_first_person_raphael.attack_2": {
			"animation_length": 1.08333,
			"anim_time_update": "query.anim_time + (query.delta_time * 2)",
			"bones": {
				"leftArm": {
					"rotation": {
						"0.0": [0, 0, 0],
						"0.2917": [22.5, 12.5, 0],
						"0.4583": [21.98719, -3.71586, -6.62194],
						"0.7083": [-7.5, 0, 0],
						"0.9167": [0, 0, 0]
					},
					"position": {
						"0.0": [0, 0, 0],
						"0.125": [0, 0, 0],
						"0.4167": [0, 0, 2],
						"0.5833": [0, 0, -3],
						"0.8333": [0, 0, 0]
					}
				},
				"rightArm": {
					"rotation": {
						"0.0": [0, 0, 0],
						"0.125": [-25.5, 3.76, -11.83],
						"0.2917": [5.5526, 44.04559, -20.28414],
						"0.4583": [0.64274, -14.2697, 30.81447],
						"0.7083": [-5, 0, 0],
						"0.9167": [2.5, 0, 0],
						"1.0417": [0, 0, 0]
					},
					"position": {
						"0.0": [0, 0, 0],
						"0.2917": [0, 0, 2],
						"0.4583": [0, 0, -3],
						"0.7083": [0, 0, 0]
					}
				},
				"sai8": {
					"rotation": {
						"0.25": [0, 0, 0],
						"0.375": [70, 0, 0],
						"0.5833": [70, 0, 0],
						"0.7917": [-7.5, 0, 0],
						"0.9583": [0, 0, 0]
					}
				},
				"sai7": {
					"rotation": {
						"0.4583": [0, 0, 0],
						"0.5833": [70, 0, 0],
						"0.7083": [70, 0, 0],
						"0.9167": [-7.5, 0, 0],
						"1.0833": [0, 0, 0]
					}
				}
			}
		},
		"animation.player_first_person_raphael.block": {
			"loop": "hold_on_last_frame",
			"animation_length": 0.5,
			"override_previous_animation": true,
			"bones": {
				"leftArm": {
					"rotation": [-37.55387, 1.28527, -42.51796]
				},
				"rightArm": {
					"rotation": [-46.3885, -4.35428, 49.06722]
				}
			}
		}
	}
}