{
	"format_version": "1.10.0",
	"animations": {
		"animation.enemy_foot_soldier_pink.attack_melee": {
			"animation_length": 0.9167,
			"bones": {
				"body": {
					"rotation": {
						"0.0": [0, 0, 0],
						"0.2083": [0, -10, 0],
						"0.4167": [0, 5, 0],
						"0.625": [0, 0, 0]
					},
					"position": {
						"0.0": [0, 0, 0],
						"0.2083": [0, 0, 4],
						"0.4167": [0, 0, -5],
						"0.625": [0, 0, 0]
					}
				},
				"torso": {
					"rotation": {
						"0.0": [0, 0, 0],
						"0.2083": [9.44295, 58.75043, -10.73303],
						"0.4167": [30.92142, -40.14956, -15.16073],
						"0.5": [34.50784, -41.99378, -25.89098],
						"0.625": [-5, 0, 0],
						"0.8333": [0, 0, 0]
					}
				},
				"right_arm": {
					"rotation": {
						"0.0": [1.86, -0.4, 4.86],
						"0.1667": [-53.87753, -16.79173, -6.77231],
						"0.25": [-53.87753, -16.79173, -6.77231],
						"0.3333": [-51.88858, -7.18244, -44.06201],
						"0.5": [-13.83394, -11.85693, -33.76037],
						"0.7083": [4.36, -0.4, 4.86],
						"0.9167": [1.86, -0.4, 4.86]
					}
				},
				"left_arm": {
					"rotation": {
						"0.0417": [1.23, 0.36, -4.73],
						"0.2083": [-99.55468, 27.76394, -30.25056],
						"0.25": [-102.88002, 34.61629, -36.63198],
						"0.3333": [-86.21084, 40.70076, -26.10746],
						"0.4583": [-33.50612, 34.5446, 4.97808],
						"0.6667": [8.73, 0.36, -4.73],
						"0.875": [1.23, 0.36, -4.73]
					}
				},
				"head": {
					"rotation": {
						"0.0833": [0, 0, 0],
						"0.2917": [-12.5, -12.5, 0],
						"0.5": [15, 0, 0],
						"0.7083": [-5, 0, 0],
						"0.9167": [0, 0, 0]
					}
				},
				"right_leg": {
					"rotation": {
						"0.0": [0, 0, 5],
						"0.2083": [-12.5, 0, 5],
						"0.4167": [27.5, 0, 5],
						"0.625": [0, 0, 5]
					}
				},
				"left_leg": {
					"rotation": {
						"0.0": [0, 0, -7.5],
						"0.2083": [20, 0, -7.5],
						"0.4167": [-25, 0, -7.5],
						"0.625": [0, 0, -7.5]
					},
					"position": {
						"0.0": [0, 0, 0],
						"0.125": [0, 1, 0],
						"0.2083": [0, 0, 0],
						"0.3333": [0, 1, 0],
						"0.4167": [0, 0, 0],
						"0.5417": [0, 1, 0],
						"0.625": [0, 0, 0]
					}
				},
				"weapon": {
					"rotation": {
						"0.0": [0, 0, 0],
						"0.25": [0, 0, -12.5],
						"0.3333": [0, 0, -22.5],
						"0.4167": [10, 0, -22.5],
						"0.5": [0, 0, -22.5],
						"0.5417": [0, 0, 0]
					}
				}
			}
		}
	}
}