{
	"format_version": "1.10.0",
	"animations": {
		"animation.enemy_foot_soldier_orange.attack_ranged": {
			"animation_length": 0.9167,
			"bones": {
				"body": {
					"rotation": {
						"0.0": [0, 0, 0],
						"0.2083": [0, -10, 0],
						"0.4167": [0, 5, 0],
						"0.625": [0, 0, 0]
					},
					"position": {
						"0.0": [0, 0, 0],
						"0.2083": [0, 0, 4],
						"0.4167": [0, 0, -5],
						"0.625": [0, 0, 0]
					}
				},
				"torso": {
					"rotation": {
						"0.0": [0, 0, 0],
						"0.2083": [-12.5, -12.5, 0],
						"0.4167": [15, 0, 0],
						"0.625": [15, 0, 0],
						"0.8333": [0, 0, 0]
					}
				},
				"right_arm": {
					"rotation": {
						"0.0": [1.86, -0.4, 4.86],
						"0.1667": [61.07746, 12.79581, -2.33085],
						"0.25": [-40.82161, -7.41567, 7.51936],
						"0.3333": [-39.82795, -12.27328, 1.71766],
						"0.5": [-13.83394, -11.85693, -33.76037],
						"0.625": [-66.33394, -11.85693, -33.76037],
						"0.7083": [-96.33394, -11.85693, -33.76037],
						"0.9167": [1.86, -0.4, 4.86]
					}
				},
				"left_arm": {
					"rotation": {
						"0.0417": [1.23, 0.36, -4.73],
						"0.25": [-52.82492, 61.52864, -8.43742],
						"0.3333": [-52.82492, 61.52864, -8.43742],
						"0.4583": [-33.50612, 34.5446, 4.97808],
						"0.625": [-71.82399, 19.62778, 3.19719],
						"0.7083": [-104.32399, 19.62778, 3.19719],
						"0.875": [1.23, 0.36, -4.73]
					}
				},
				"head": {
					"rotation": {
						"0.0833": [0, 0, 0],
						"0.2917": [7.9567, 12.12977, -0.10088],
						"0.5": [15, 0, 0],
						"0.7083": [-5, 0, 0],
						"0.9167": [0, 0, 0]
					}
				},
				"right_leg": {
					"rotation": {
						"0.0": [0, 0, 5],
						"0.2083": [-12.5, 0, 5],
						"0.4167": [27.5, 0, 5],
						"0.625": [0, 0, 5]
					}
				},
				"left_leg": {
					"rotation": {
						"0.0": [0, 0, -7.5],
						"0.2083": [20, 0, -7.5],
						"0.4167": [-25, 0, -7.5],
						"0.625": [0, 0, -7.5]
					},
					"position": {
						"0.0": [0, 0, 0],
						"0.125": [0, 1, 0],
						"0.2083": [0, 0, 0],
						"0.3333": [0, 1, 0],
						"0.4167": [0, 0, 0],
						"0.5417": [0, 1, 0],
						"0.625": [0, 0, 0]
					}
				},
				"weapon": {
					"rotation": {
						"0.0": [0, 0, 0],
						"0.1667": [-30.02363, 2.16489, -1.2506],
						"0.25": [45.99297, 10.54529, 10.72858],
						"0.4167": [15, 0, 0],
						"0.6667": [0, 0, 0]
					}
				}
			}
		}
	}
}