{
	"format_version": "1.10.0",
	"animations": {
		"animation.enemy_foot_soldier_green.attack_ranged": {
			"animation_length": 1.125,
			"bones": {
				"body": {
					"rotation": {
						"0.0": [0, 0, 0],
						"0.2083": [0, -10, 0],
						"0.4167": [0, 5, 0],
						"0.625": [0, 5, 0],
						"0.8333": [0, 0, 0]
					},
					"position": {
						"0.0": [0, 0, 0],
						"0.2083": [0, 0, 4],
						"0.4167": [0, 0, -5],
						"0.625": [0, 0, -5],
						"0.8333": [0, 0, 0]
					}
				},
				"torso": {
					"rotation": {
						"0.0": [0, 0, 0],
						"0.2083": [-12.5, -12.5, 0],
						"0.4167": [2.5, 0, 0],
						"0.625": [2.5, 0, 0],
						"0.8333": [-5, 0, 0],
						"1.0417": [0, 0, 0]
					}
				},
				"right_arm": {
					"rotation": {
						"0.0": [1.86, -0.4, 4.86],
						"0.1667": [-110.64, -0.4, 4.86],
						"0.25": [-110.82161, -7.41567, 7.51936],
						"0.3333": [-100.98629, -12.32551, 8.47909],
						"0.4167": [-93.49, -12.33, 8.48],
						"0.625": [-93.49, -12.33, 8.48],
						"0.6667": [-100.98629, -12.32551, 8.47909],
						"0.7917": [-100.98629, -12.32551, 8.47909],
						"0.9167": [4.36, -0.4, 4.86],
						"1.125": [1.86, -0.4, 4.86]
					},
					"position": {
						"0.3333": [0, 0, 0],
						"0.4167": [0, 0, 1],
						"0.5833": [0, 0, 3],
						"0.625": [0, 0, 1],
						"0.6667": [0, 0, 1.5],
						"0.7917": [0, 0, 0]
					}
				},
				"left_arm": {
					"rotation": {
						"0.0417": [1.23, 0.36, -4.73],
						"0.25": [-83.89155, 30.46157, 1.32966],
						"0.3333": [-97.77733, 24.96064, -3.17972],
						"0.4167": [-90.28, 24.96, -3.18],
						"0.625": [-90.28, 24.96, -3.18],
						"0.6667": [-97.77733, 24.96064, -3.17972],
						"0.7917": [-97.77733, 24.96064, -3.17972],
						"0.875": [8.73, 0.36, -4.73],
						"1.0833": [1.23, 0.36, -4.73]
					}
				},
				"head": {
					"rotation": {
						"0.0833": [0, 0, 0],
						"0.2917": [-12.5, -12.5, 0],
						"0.4167": [4, -5, 0],
						"0.625": [4, -5, 0],
						"0.7083": [15, 0, 0],
						"0.9167": [-5, 0, 0],
						"1.125": [0, 0, 0]
					}
				},
				"right_leg": {
					"rotation": {
						"0.0": [0, 0, 5],
						"0.2083": [-12.5, 0, 5],
						"0.4167": [27.5, 0, 5],
						"0.625": [27.5, 0, 5],
						"0.8333": [0, 0, 5]
					}
				},
				"left_leg": {
					"rotation": {
						"0.0": [0, 0, -7.5],
						"0.2083": [20, 0, -7.5],
						"0.4167": [-25, 0, -7.5],
						"0.625": [-25, 0, -7.5],
						"0.8333": [0, 0, -7.5]
					},
					"position": {
						"0.0": [0, 0, 0],
						"0.125": [0, 1, 0],
						"0.2083": [0, 0, 0],
						"0.3333": [0, 1, 0],
						"0.4167": [0, 0, 0],
						"0.625": [0, 0, 0],
						"0.75": [0, 1, 0],
						"0.8333": [0, 0, 0]
					}
				},
				"weapon": {
					"rotation": {
						"0.0": [0, 0, -12.5],
						"0.25": [0, 0, -20],
						"0.4167": [0, 0, -20],
						"0.625": [0, 0, -20]
					}
				}
			}
		}
	}
}