{
	"format_version": "1.10.0",
	"animations": {
		"animation.enemy_foot_soldier_lime.attack_melee": {
			"animation_length": 0.9167,
			"bones": {
				"body": {
					"rotation": {
						"0.0": [0, 0, 0],
						"0.2083": [0, -10, 0],
						"0.4167": [0, 5, 0],
						"0.625": [0, 0, 0]
					},
					"position": {
						"0.0": [0, 0, 0],
						"0.2083": [0, 0, 4],
						"0.4167": [0, 0, -5],
						"0.625": [0, 0, 0]
					}
				},
				"torso": {
					"rotation": {
						"0.0": [0, 0, 0],
						"0.2083": [-12.5, -12.5, 0],
						"0.4167": [15, 0, 0],
						"0.625": [-5, 0, 0],
						"0.8333": [0, 0, 0]
					}
				},
				"right_arm": {
					"rotation": {
						"0.0": [1.86, -0.4, 4.86],
						"0.1667": [61.86, -0.4, 4.86],
						"0.25": [-40.82161, -7.41567, 7.51936],
						"0.3333": [-39.82795, -12.27328, 1.71766],
						"0.5": [-13.83394, -11.85693, -33.76037],
						"0.7083": [4.36, -0.4, 4.86],
						"0.9167": [1.86, -0.4, 4.86]
					}
				},
				"left_arm": {
					"rotation": {
						"0.0417": [1.23, 0.36, -4.73],
						"0.25": [-52.82492, 61.52864, -8.43742],
						"0.3333": [-52.82492, 61.52864, -8.43742],
						"0.4583": [-33.50612, 34.5446, 4.97808],
						"0.6667": [8.73, 0.36, -4.73],
						"0.875": [1.23, 0.36, -4.73]
					}
				},
				"head": {
					"rotation": {
						"0.0833": [0, 0, 0],
						"0.2917": [7.9567, 12.12977, -0.10088],
						"0.5": [15, 0, 0],
						"0.7083": [-5, 0, 0],
						"0.9167": [0, 0, 0]
					}
				},
				"right_leg": {
					"rotation": {
						"0.0": [0, 0, 5],
						"0.2083": [-12.5, 0, 5],
						"0.4167": [27.5, 0, 5],
						"0.625": [0, 0, 5]
					}
				},
				"left_leg": {
					"rotation": {
						"0.0": [0, 0, -7.5],
						"0.2083": [20, 0, -7.5],
						"0.4167": [-25, 0, -7.5],
						"0.625": [0, 0, -7.5]
					},
					"position": {
						"0.0": [0, 0, 0],
						"0.125": [0, 1, 0],
						"0.2083": [0, 0, 0],
						"0.3333": [0, 1, 0],
						"0.4167": [0, 0, 0],
						"0.5417": [0, 1, 0],
						"0.625": [0, 0, 0]
					}
				},
				"weapon": {
					"rotation": {
						"0.0": [0, 0, 0],
						"0.1667": [-30.02363, 2.16489, -1.2506],
						"0.25": [45.99297, 10.54529, 10.72858],
						"0.4167": [15, 0, 0],
						"0.6667": [0, 0, 0]
					}
				}
			}
		},
		"animation.enemy_foot_soldier_lime.attack_block": {
			"animation_length": 0.9167,
			"bones": {
				"body": {
					"rotation": {
						"0.0": [0, 0, 0],
						"0.2083": [0, -10, 0],
						"0.4167": [0, 5, 0],
						"0.625": [0, 0, 0]
					},
					"position": {
						"0.0": [0, 0, 0],
						"0.2083": [0, 0, 4],
						"0.4167": [0, 0, -5],
						"0.625": [0, 0, 0]
					}
				},
				"torso": {
					"rotation": {
						"0.0": [0, 0, 0],
						"0.2083": [-12.5, -12.5, 0],
						"0.4167": [15, 0, 0],
						"0.625": [-5, 0, 0],
						"0.8333": [0, 0, 0]
					}
				},
				"right_arm": {
					"rotation": {
						"0.0": [1.86, -0.4, 4.86],
						"0.0833": [-53.56541, -7.57361, 94.88984],
						"0.25": [-51.26104, -7.41018, 82.30599],
						"0.5": [-53.56541, -7.57361, 94.88984],
						"0.7083": [4.36, -0.4, 4.86],
						"0.9167": [1.86, -0.4, 4.86]
					}
				},
				"left_arm": {
					"rotation": {
						"0.0417": [1.23, 0.36, -4.73],
						"0.25": [-90.88667, 5.28865, -32.62279],
						"0.3333": [-83.175, -2.45122, -20.62443],
						"0.4583": [-33.50612, 34.5446, 4.97808],
						"0.6667": [8.73, 0.36, -4.73],
						"0.875": [1.23, 0.36, -4.73]
					}
				},
				"head": {
					"rotation": {
						"0.0833": [0, 0, 0],
						"0.2917": [-12.5, -12.5, 0],
						"0.5": [15, 0, 0],
						"0.7083": [-5, 0, 0],
						"0.9167": [0, 0, 0]
					}
				},
				"right_leg": {
					"rotation": {
						"0.0": [0, 0, 5],
						"0.2083": [-12.5, 0, 5],
						"0.4167": [27.5, 0, 5],
						"0.625": [0, 0, 5]
					}
				},
				"left_leg": {
					"rotation": {
						"0.0": [0, 0, -7.5],
						"0.2083": [20, 0, -7.5],
						"0.4167": [-25, 0, -7.5],
						"0.625": [0, 0, -7.5]
					},
					"position": {
						"0.0": [0, 0, 0],
						"0.125": [0, 1, 0],
						"0.2083": [0, 0, 0],
						"0.3333": [0, 1, 0],
						"0.4167": [0, 0, 0],
						"0.5417": [0, 1, 0],
						"0.625": [0, 0, 0]
					}
				},
				"weapon": {
					"rotation": {
						"0.0": [0, 0, 0],
						"0.2083": [-22.67458, -6.92618, 2.88419],
						"0.3333": [-15.87, -4.85, 2.02],
						"0.5": [10.69857, -2.07857, 0.86571],
						"0.625": [0, 0, 0]
					}
				}
			}
		}
	}
}