{
	"format_version": "1.10.0",
	"animations": {
		"animation.enemy_wall_laser.movement_idle": {
			"loop": true,
			"animation_length": 1.25,
			"bones": {
				"head": {
					"rotation": {
						"0.0": [0, 0, 0],
						"0.25": [0, 0, 0],
						"0.3333": [0, 0, 2.5],
						"0.7083": [0, 0, 2.5],
						"0.7917": [0, 0, -2.5],
						"1.1667": [0, 0, -2.5],
						"1.25": [0, 0, 0]
					}
				}
			}
		},
		"animation.enemy_wall_laser.attack_ranged": {
			"animation_length": 0.75,
			"bones": {
				"bb_main": {
					"rotation": {
						"0.4583": [0, 0, 0],
						"0.5833": [5, 0, 0],
						"0.7083": [0, 0, 0]
					}
				},
				"head": {
					"rotation": {
						"0.0": [0, 0, 0],
						"0.0833": [0, 0, 2.5],
						"0.1667": [0, 0, -5],
						"0.25": [0, 0, 2.5],
						"0.3333": [0, 0, 0],
						"0.4583": [0, 0, 0],
						"0.5833": [5, 0, 0],
						"0.6667": [-2.5, 0, 0],
						"0.75": [0, 0, 0]
					}
				}
			}
		},
		"animation.enemy_wall_laser.damage_hurt": {
			"animation_length": 0.41667,
			"bones": {
				"bb_main": {
					"rotation": {
						"0.0": [0, 0, 0],
						"0.0833": [0, 0, 2.5],
						"0.1667": [0, 0, -5],
						"0.25": [0, 0, 2.5],
						"0.3333": [0, 0, 0]
					}
				},
				"head": {
					"rotation": {
						"0.0833": [0, 0, 0],
						"0.1667": [0, 0, 2.5],
						"0.25": [0, 0, -5],
						"0.3333": [0, 0, 2.5],
						"0.4167": [0, 0, 0]
					}
				}
			}
		},
		"animation.enemy_wall_laser.damage_killed": {
			"animation_length": 0.70833,
			"bones": {
				"bb_main": {
					"rotation": {
						"0.0": [0, 0, 0],
						"0.0833": [-5, 0, 7.5],
						"0.1667": [-2.5, 0, -10],
						"0.25": [-5, 0, 7.5],
						"0.3333": [-2.5, 0, -10],
						"0.4167": [-5, 0, 7.5],
						"0.5": [-2.5, 0, -10],
						"0.5833": [-5, 0, 7.5],
						"0.6667": [0, 0, 0]
					}
				},
				"head": {
					"rotation": {
						"0.0417": [0, 0, 0],
						"0.125": [-5, 0, 7.5],
						"0.2083": [-2.5, 0, -10],
						"0.2917": [-5, 0, 7.5],
						"0.375": [-2.5, 0, -10],
						"0.4583": [-5, 0, 7.5],
						"0.5417": [-2.5, 0, -10],
						"0.625": [-5, 0, 7.5],
						"0.7083": [0, 0, 0]
					}
				}
			}
		}
	}
}