{
	"format_version": "1.10.0",
	"animations": {
		"animation.enemy_rock_soldier.movement_idle": {
			"loop": true,
			"animation_length": 1,
			"bones": {
				"head": {
					"rotation": {
						"0.0": [-9.27, -31.38, 2.82],
						"0.125": [-10.15359, -31.20898, -0.16532],
						"0.625": [-1.90424, -32.4588, 2.93787],
						"1.0": [-9.27, -31.38, 2.82]
					}
				},
				"torso": {
					"rotation": {
						"0.0": {
							"post": [-2.5, -5, 0],
							"lerp_mode": "catmullrom"
						},
						"0.5": {
							"post": [12.5, -5, 0],
							"lerp_mode": "catmullrom"
						},
						"1.0": {
							"post": [-2.5, -5, 0],
							"lerp_mode": "catmullrom"
						}
					},
					"position": {
						"0.0": {
							"post": [0, 0, 0],
							"lerp_mode": "catmullrom"
						},
						"0.5": {
							"post": [0, -1, 0],
							"lerp_mode": "catmullrom"
						},
						"1.0": {
							"post": [0, 0, 0],
							"lerp_mode": "catmullrom"
						}
					}
				},
				"right_leg": {
					"rotation": [19.3277, 5.54347, 14.98765]
				},
				"right_arm": {
					"rotation": {
						"0.0": [-71.54, -31.26, -9.36],
						"0.0417": [-72.37472, -31.26463, -9.36302],
						"0.5417": [-62.37472, -31.26463, -9.36302],
						"1.0": [-71.54, -31.26, -9.36]
					}
				},
				"left_leg": {
					"rotation": [-10.17619, -16.64432, -6.85549]
				},
				"left_arm": {
					"rotation": {
						"0.0": [-55.47, -8.86, -4.65],
						"0.0833": [-57.13918, -8.86042, -4.65468],
						"0.5833": [-47.13918, -8.86042, -4.65468],
						"1.0": [-55.47, -8.86, -4.65]
					}
				},
				"body": {
					"rotation": [0, 22.5, 0],
					"position": [0, 0, 0]
				}
			}
		},
		"animation.enemy_rock_soldier.movement_appear": {
			"loop": "hold_on_last_frame",
			"animation_length": 0.33333,
			"bones": {
				"body": {
					"position": {
						"0.0": [0, 77, 0],
						"0.3333": [0, -3, 0]
					}
				},
				"left_leg": {
					"rotation": {
						"0.125": [12.5, 0, 0],
						"0.3333": [-4.81385, 9.88744, -51.83416]
					},
					"position": {
						"0.125": [0, 5, -3],
						"0.3333": [0, 0, 0]
					}
				},
				"right_leg": {
					"rotation": {
						"0.125": [10, 0, 0],
						"0.3333": [74.20456, -3.79858, 7.56375]
					},
					"position": {
						"0.125": [0, 0, 0],
						"0.3333": [0, -2, -5]
					}
				},
				"torso": {
					"rotation": {
						"0.125": [-10, 0, 0],
						"0.3333": [35.71546, 0.08596, -22.26859]
					},
					"position": [0, 0, 0]
				},
				"head": {
					"rotation": {
						"0.125": [-17.5, 0, 0],
						"0.3333": [32.5, 0, 0]
					}
				},
				"right_arm": {
					"rotation": {
						"0.125": [-160, 0, 0],
						"0.3333": [-35.79355, 12.0174, 16.10644]
					},
					"position": [1, -2, 0]
				},
				"left_arm": {
					"rotation": {
						"0.125": [-160, 0, 0],
						"0.3333": [-41.30425, -31.16686, -30.49835]
					},
					"position": [0, 0, 0]
				}
			}
		},
		"animation.enemy_rock_soldier.movement_default": {
			"loop": true,
			"animation_length": 1,
			"bones": {
				"head": {
					"rotation": {
						"0.0": [1.67, 0, 0],
						"0.0833": [5, 0, 0],
						"0.3333": [-5, 0, 0],
						"0.5833": [5, 0, 0],
						"0.8333": [-5, 0, 0],
						"1.0": [1.67, 0, 0]
					}
				},
				"torso": {
					"rotation": {
						"0.0": [5, 0, 0],
						"0.25": [-5, 0, 0],
						"0.5": [5, 0, 0],
						"0.75": [-5, 0, 0],
						"1.0": [5, 0, 0]
					}
				},
				"right_leg": {
					"rotation": {
						"0.0": [-30, 0, 0],
						"0.5": [40, 0, 0],
						"1.0": [-30, 0, 0]
					},
					"position": {
						"0.0": [0, 0, 0],
						"0.5": [0, 0, 0],
						"0.75": [0, 3, 0],
						"1.0": [0, 0, 0]
					}
				},
				"right_arm": {
					"rotation": {
						"0.0": [-48.9, -8.8, -8.91],
						"0.0417": [-46.81282, -8.80348, -8.90928],
						"0.2917": [-59.31282, -8.80348, -8.90928],
						"0.5417": [-46.81282, -8.80348, -8.90928],
						"0.7917": [-59.31282, -8.80348, -8.90928],
						"1.0": [-48.9, -8.8, -8.91]
					}
				},
				"left_leg": {
					"rotation": {
						"0.0": [40, 0, 0],
						"0.5": [-30, 0, 0],
						"1.0": [40, 0, 0]
					},
					"position": {
						"0.0": [0, 0, 0],
						"0.25": [0, 3, 0],
						"0.5": [0, 0, 0],
						"1.0": [0, 0, 0]
					}
				},
				"left_arm": {
					"rotation": {
						"0.0": [-36.14, 31, 40.9],
						"0.0417": [-34.4723, 31.00315, 40.9026],
						"0.2917": [-44.4723, 31.00315, 40.9026],
						"0.5417": [-34.4723, 31.00315, 40.9026],
						"0.7917": [-44.4723, 31.00315, 40.9026],
						"1.0": [-36.14, 31, 40.9]
					}
				},
				"body": {
					"position": {
						"0.0": [0, -0.75, 0],
						"0.25": [0, 0.25, 0],
						"0.5": [0, -0.75, 0],
						"0.75": [0, 0.25, 0],
						"1.0": [0, -0.75, 0]
					}
				}
			}
		},
		"animation.enemy_rock_soldier.movement_fast": {
			"loop": true,
			"animation_length": 0.5,
			"bones": {
				"body": {
					"position": {
						"0.0": [0, -3, 0],
						"0.125": [0, 0.5, 0],
						"0.25": [0, -3, 0],
						"0.375": [0, 0.5, 0],
						"0.5": [0, -3, 0]
					}
				},
				"left_leg": {
					"rotation": {
						"0.0": [65, 0, 0],
						"0.25": [-52.5, 0, 0],
						"0.5": [65, 0, 0]
					},
					"position": {
						"0.0": [0, 0, 0],
						"0.125": [0, 3, 0],
						"0.25": [0, 0, 0],
						"0.5": [0, 0, 0]
					}
				},
				"right_leg": {
					"rotation": {
						"0.0": [-52.5, 0, 0],
						"0.25": [65, 0, 0],
						"0.5": [-52.5, 0, 0]
					},
					"position": {
						"0.0": [0, 0, 0],
						"0.25": [0, 0, 0],
						"0.375": [0, 3, 0],
						"0.5": [0, 0, 0]
					}
				},
				"torso": {
					"rotation": {
						"0.0": [27.5, 0, 0],
						"0.125": [17.5, 0, 0],
						"0.25": [27.5, 0, 0],
						"0.375": [17.5, 0, 0],
						"0.5": [27.5, 0, 0]
					}
				},
				"head": {
					"rotation": {
						"0.0": [-11.25, 0, 0],
						"0.0417": [-15, 0, 0],
						"0.1667": [-7.5, 0, 0],
						"0.3333": [-15, 0, 0],
						"0.4167": [-7.5, 0, 0],
						"0.5": [-11.25, 0, 0]
					}
				},
				"right_arm": {
					"rotation": {
						"0.0": [40, 0, 0],
						"0.25": [-87.5, 0, 0],
						"0.5": [40, 0, 0]
					}
				},
				"left_arm": {
					"rotation": {
						"0.0": [-87.5, 0, 0],
						"0.25": [40, 0, 0],
						"0.5": [-87.5, 0, 0]
					}
				}
			}
		},
		"animation.enemy_rock_soldier.attack_dash": {
			"loop": true,
			"animation_length": 0.5,
			"override_previous_animation": true,
			"bones": {
				"body": {
					"position": {
						"0.0": [0, -3, 0],
						"0.125": [0, 0.5, 0],
						"0.25": [0, -3, 0],
						"0.375": [0, 0.5, 0],
						"0.5": [0, -3, 0]
					}
				},
				"left_leg": {
					"rotation": {
						"0.0": [65, 0, 0],
						"0.25": [-52.5, 0, 0],
						"0.5": [65, 0, 0]
					},
					"position": {
						"0.0": [0, 0, 0],
						"0.125": [0, 3, 0],
						"0.25": [0, 0, 0],
						"0.5": [0, 0, 0]
					}
				},
				"right_leg": {
					"rotation": {
						"0.0": [-52.5, 0, 0],
						"0.25": [65, 0, 0],
						"0.5": [-52.5, 0, 0]
					},
					"position": {
						"0.0": [0, 0, 0],
						"0.25": [0, 0, 0],
						"0.375": [0, 3, 0],
						"0.5": [0, 0, 0]
					}
				},
				"torso": {
					"rotation": {
						"0.0": [36.36024, -38.84468, -24.78507],
						"0.125": [27.69682, -41.30906, -19.10145],
						"0.25": [36.36, -38.84, -24.79],
						"0.375": [27.69682, -41.30906, -19.10145],
						"0.5": [36.36, -38.84, -24.79]
					}
				},
				"head": {
					"rotation": {
						"0.0": [-44.76, 51.09, -14.27],
						"0.0833": [-38.09477, 51.08779, -14.26502],
						"0.2083": [-48.09477, 51.08779, -14.26502],
						"0.3333": [-38.09477, 51.08779, -14.26502],
						"0.4583": [-48.09477, 51.08779, -14.26502],
						"0.5": [-44.76, 51.09, -14.27]
					}
				},
				"right_arm": {
					"rotation": {
						"0.0": [-69.36, -25.72, -10.1],
						"0.0417": [-67.69002, -25.71543, -10.09541],
						"0.1667": [-72.69002, -25.71543, -10.09541],
						"0.2917": [-67.69002, -25.71543, -10.09541],
						"0.4167": [-72.69002, -25.71543, -10.09541],
						"0.5": [-69.36, -25.72, -10.1]
					}
				},
				"left_arm": {
					"rotation": {
						"0.0": [-45.52, -32.41, -29.15],