{
	"format_version": "1.10.0",
	"animations": {
		"animation.enemy_foot_soldier_white.attack_melee": {
			"animation_length": 0.9167,
			"bones": {
				"body": {
					"rotation": {
						"0.0": [0, 0, 0],
						"0.2083": [0, -10, 0],
						"0.4167": [0, 5, 0],
						"0.625": [0, 0, 0]
					},
					"position": {
						"0.0": [0, 0, 0],
						"0.2083": [0, 0, 4],
						"0.4167": [0, 0, -5],
						"0.625": [0, 0, 0]
					}
				},
				"torso": {
					"rotation": {
						"0.0": [0, 0, 0],
						"0.2083": [-12.23911, 4.59988, -3.74379],
						"0.4167": [27.19212, -28.87909, -8.49878],
						"0.5": [31.5871, -36.99022, -13.39474],
						"0.625": [-5, 0, 0],
						"0.8333": [0, 0, 0]
					}
				},
				"right_arm": {
					"rotation": {
						"0.0": [1.86, -0.4, 4.86],
						"0.1667": [-110.64, -0.4, 4.86],
						"0.25": [-110.82161, -7.41567, 7.51936],
						"0.3333": [-110.82161, -7.41567, 7.51936],
						"0.5": [-13.83394, -11.85693, -33.76037],
						"0.7083": [4.36, -0.4, 4.86],
						"0.9167": [1.86, -0.4, 4.86]
					}
				},
				"left_arm": {
					"rotation": {
						"0.0417": [1.23, 0.36, -4.73],
						"0.25": [-113.49797, 27.78569, -33.00631],
						"0.3333": [-113.49797, 27.78569, -33.00631],
						"0.4583": [-33.50612, 34.5446, 4.97808],
						"0.6667": [8.73, 0.36, -4.73],
						"0.875": [1.23, 0.36, -4.73]
					}
				},
				"head": {
					"rotation": {
						"0.0833": [0, 0, 0],
						"0.2917": [-12.5, -12.5, 0],
						"0.5": [15, 0, 0],
						"0.7083": [-5, 0, 0],
						"0.9167": [0, 0, 0]
					}
				},
				"right_leg": {
					"rotation": {
						"0.0": [0, 0, 5],
						"0.2083": [-12.5, 0, 5],
						"0.4167": [27.5, 0, 5],
						"0.625": [0, 0, 5]
					}
				},
				"left_leg": {
					"rotation": {
						"0.0": [0, 0, -7.5],
						"0.2083": [20, 0, -7.5],
						"0.4167": [-25, 0, -7.5],
						"0.625": [0, 0, -7.5]
					},
					"position": {
						"0.0": [0, 0, 0],
						"0.125": [0, 1, 0],
						"0.2083": [0, 0, 0],
						"0.3333": [0, 1, 0],
						"0.4167": [0, 0, 0],
						"0.5417": [0, 1, 0],
						"0.625": [0, 0, 0]
					}
				}
			}
		},
		"animation.enemy_foot_soldier_white.attack_block": {
			"animation_length": 0.9167,
			"bones": {
				"body": {
					"rotation": {
						"0.0": [0, 0, 0],
						"0.2083": [0, -10, 0],
						"0.4167": [0, 5, 0],
						"0.625": [0, 0, 0]
					},
					"position": {
						"0.0": [0, 0, 0],
						"0.2083": [0, 0, 4],
						"0.4167": [0, 0, -5],
						"0.625": [0, 0, 0]
					}
				},
				"torso": {
					"rotation": {
						"0.0": [0, 0, 0],
						"0.2083": [-12.5, -12.5, 0],
						"0.25": [8.00264, -9.9988, 0],
						"0.4167": [15, 0, 0],
						"0.625": [-5, 0, 0],
						"0.8333": [0, 0, 0]
					}
				},
				"right_arm": {
					"rotation": {
						"0.0": [1.86, -0.4, 4.86],
						"0.0833": [-53.56541, -7.57361, 94.88984],
						"0.25": [-66.26104, -7.41018, 82.30599],
						"0.5": [-53.56541, -7.57361, 94.88984],
						"0.7083": [4.36, -0.4, 4.86],
						"0.9167": [1.86, -0.4, 4.86]
					}
				},
				"left_arm": {
					"rotation": {
						"0.0417": [1.23, 0.36, -4.73],
						"0.25": [-90.88667, 5.28865, -32.62279],
						"0.3333": [-83.175, -2.45122, -20.62443],
						"0.4583": [-33.50612, 34.5446, 4.97808],
						"0.6667": [8.73, 0.36, -4.73],
						"0.875": [1.23, 0.36, -4.73]
					}
				},
				"head": {
					"rotation": {
						"0.0833": [0, 0, 0],
						"0.2917": [-12.5, -12.5, 0],
						"0.5": [15, 0, 0],
						"0.7083": [-5, 0, 0],
						"0.9167": [0, 0, 0]
					}
				},
				"right_leg": {
					"rotation": {
						"0.0": [0, 0, 5],
						"0.2083": [-12.5, 0, 5],
						"0.4167": [27.5, 0, 5],
						"0.625": [0, 0, 5]
					}
				},
				"left_leg": {
					"rotation": {
						"0.0": [0, 0, -7.5],
						"0.2083": [20, 0, -7.5],
						"0.4167": [-25, 0, -7.5],
						"0.625": [0, 0, -7.5]
					},
					"position": {
						"0.0": [0, 0, 0],
						"0.125": [0, 1, 0],
						"0.2083": [0, 0, 0],
						"0.3333": [0, 1, 0],
						"0.4167": [0, 0, 0],
						"0.5417": [0, 1, 0],
						"0.625": [0, 0, 0]
					}
				},
				"weapon": {
					"rotation": {
						"0.0": [0, 0, 0],
						"0.0833": [0, 0, -90],
						"0.2917": [0, 0, -90],
						"0.3333": [0, 0, -90],
						"0.5417": [0, 0, -90],
						"0.625": [0, 0, 0]
					}
				}
			}
		}
	}
}