{
	"format_version": "1.10.0",
	"animations": {
		"animation.npc_vernon.idle": {
			"loop": true,
			"animation_length": 1,
			"bones": {
				"torso": {
					"rotation": {
						"0.0": [5, 0, 0],
						"0.5": [-5, 0, 0],
						"1.0": [5, 0, 0]
					}
				},
				"head": {
					"rotation": {
						"0.0": [2.5, 0, 0],
						"0.125": [5, 0, 0],
						"0.625": [-5, 0, 0],
						"1.0": [2.5, 0, 0]
					}
				},
				"right_arm": {
					"rotation": {
						"0.0": [-3.32, 0.29, 4.98],
						"0.0833": [-4.98107, 0.43523, 4.98107],
						"0.5833": [4.98107, -0.43523, 4.98107],
						"1.0": [-3.32, 0.29, 4.98]
					}
				},
				"left_arm": {
					"rotation": {
						"0.0": [-4.15, -0.36, -4.98],
						"0.0417": [-4.98107, -0.43523, -4.98107],
						"0.5417": [4.98107, 0.43523, -4.98107],
						"1.0": [-4.15, -0.36, -4.98]
					}
				},
				"left_leg": {
					"rotation": [0, 0, -2.5]
				},
				"right_leg": {
					"rotation": [0, 0, 2.5]
				}
			}
		}
	}
}