{
	"format_version": "1.10.0",
	"animations": {
		"animation.npc_michelangelo.idle": {
			"loop": true,
			"animation_length": 0.7917,
			"bones": {
				"head": {
					"rotation": {
						"0.0": [4.38, 0, 0],
						"0.0833": [7.5, 0, 0],
						"0.5": [-5, 0, 0],
						"0.7917": [4.38, 0, 0]
					}
				},
				"body": {
					"rotation": {
						"0.0": [10, 35, 0],
						"0.4167": [0, 35, 0],
						"0.7917": [10, 35, 0]
					},
					"position": {
						"0.0": [0, 0, -1.25],
						"0.7917": [0, 0, -1.25]
					}
				},
				"leftArm": {
					"rotation": {
						"0.0": [52.88, 12.95, -7.63],
						"0.0417": [51.63252, 12.95254, -7.63074],
						"0.4583": [66.63252, 12.95254, -7.63074],
						"0.7917": [52.88, 12.95, -7.63]
					}
				},
				"rightArm": {
					"rotation": {
						"0.0": [-44.17, 0, 45],
						"0.0833": [-42.5, 0, 45],
						"0.4583": [-52.5, 0, 45],
						"0.7917": [-44.17, 0, 45]
					}
				},
				"leftLeg": {
					"rotation": {
						"0.0": [-20, 0, -42.5],
						"0.7917": [-20, 0, -42.5]
					}
				},
				"rightLeg": {
					"rotation": {
						"0.0": [15.50409, 14.47751, 43.96713],
						"0.7917": [15.50409, 14.47751, 43.96713]
					}
				},
				"root": {
					"rotation": [0, -35, 0],
					"position": {
						"0.0": [0, -2, 0],
						"0.7917": [0, -2, 0]
					}
				},
				"chain": {
					"rotation": [0, 0, 0]
				},
				"belt": {
					"rotation": {
						"0.0": [-17.5, 0, 0],
						"0.4167": [2.5, 0, 0],
						"0.7917": [-17.5, 0, 0]
					}
				}
			}
		}
	}
}