{
	"format_version": "1.10.0",
	"animations": {
		"animation.npc_casey_jones.idle": {
			"loop": true,
			"animation_length": 0.5,
			"bones": {
				"body": {
					"position": {
						"0.0": [0, -5, 0],
						"0.25": [0, -3, 0],
						"0.5": [0, -5, 0]
					}
				},
				"torso": {
					"rotation": {
						"0.0": [32.5, 0, 0],
						"0.25": [17.5, 0, 0],
						"0.5": [32.5, 0, 0]
					}
				},
				"head": {
					"rotation": {
						"0.0": [-3.33, 0, 0],
						"0.0833": [2.5, 0, 0],
						"0.3333": [-15, 0, 0],
						"0.5": [-3.33, 0, 0]
					}
				},
				"left_arm": {
					"rotation": {
						"0.0": [-72.93, -26.13, -8.9],
						"0.0833": [-70.43162, -26.12797, -8.89674],
						"0.3333": [-77.93162, -26.12797, -8.89674],
						"0.5": [-72.93, -26.13, -8.9]
					}
				},
				"right_arm": {
					"rotation": {
						"0.0": [-66.8, 42.41, 16.74],
						"0.0417": [-65.96792, 42.406, 16.73634],
						"0.2917": [-70.96792, 42.406, 16.73634],
						"0.5": [-66.8, 42.41, 16.74]
					}
				},
				"left_leg": {
					"rotation": {
						"0.0": [-59.33416, -9.88744, -7.68615],
						"0.25": [-49.33416, -9.88744, -7.68615],
						"0.5": [-59.33416, -9.88744, -7.68615]
					}
				},
				"right_leg": {
					"rotation": {
						"0.0": [64.33416, -9.88744, 7.68615],
						"0.25": [49.33416, -9.88744, 7.68615],
						"0.5": [64.33416, -9.88744, 7.68615]
					}
				}
			}
		}
	}
}