{
	"format_version": "1.10.0",
	"animations": {
		"animation.player_third_person_raphael.idle": {
			"loop": true,
			"animation_length": 1,
			"bones": {
				"root": {
					"rotation": {
						"0.0": [0, -12.5, 0],
						"1.0": [0, -12.5, 0]
					}
				},
				"body": {
					"rotation": {
						"0.0": {
							"post": [0, 0, 0],
							"lerp_mode": "catmullrom"
						},
						"0.5": {
							"post": [5, 0, 0],
							"lerp_mode": "catmullrom"
						},
						"1.0": {
							"post": [0, 0, 0],
							"lerp_mode": "catmullrom"
						}
					}
				},
				"head": {
					"rotation": {
						"0.0": [0.42, 7.5, 0],
						"0.0833": [0, 7.5, 0],
						"0.5833": [7.5, 7.5, 0],
						"1.0": [0.42, 7.5, 0]
					}
				},
				"leftArm": {
					"rotation": {
						"0.0": [-12.82, -3.81, -9.25],
						"0.0417": [-12.19157, -3.81024, -9.25249],
						"0.5417": [-19.69157, -3.81024, -9.25249],
						"1.0": [-12.82, -3.81, -9.25]
					}
				},
				"rightArm": {
					"rotation": {
						"0.0": [-15.23, 3.16, 6.8],
						"0.0417": [-14.81197, 3.1622, 6.80423],
						"0.5417": [-19.81197, 3.1622, 6.80423],
						"1.0": [-15.23, 3.16, 6.8]
					}
				},
				"leftLeg": {
					"rotation": {
						"0.0": [14.78217, 2.57594, -9.6658],
						"1.0": [14.78217, 2.57594, -9.6658]
					}
				},
				"rightLeg": {
					"rotation": {
						"0.0": [-12.5, 0, 5],
						"1.0": [-12.5, 0, 5]
					}
				}
			}
		},
		"animation.player_third_person_raphael.attack_0": {
			"loop": "hold_on_last_frame",
			"animation_length": 0.875,
			"anim_time_update": "query.anim_time + (query.delta_time * 2)",
			"bones": {
				"root": {
					"rotation": [0, -12.5, 0]
				},
				"body": {
					"rotation": {
						"0.0": [0, 0, 0],
						"0.1667": [-10.71, 23.57, 0],
						"0.2917": [-12.5, 27.5, 0],
						"0.4583": [30, 0, 0],
						"0.6667": [-2.5, 0, 0],
						"0.7917": [0, 0, 0]
					}
				},
				"head": {
					"rotation": {
						"0.0833": [0.42, 7.5, 0],
						"0.25": [-10.65, 24.64, 0],
						"0.375": [-12.5, 27.5, 0],
						"0.5417": [30, 0, 0],
						"0.75": [-4.58, 7.5, 0],
						"0.875": [0.42, 7.5, 0]
					}
				},
				"leftArm": {
					"rotation": {
						"0.0417": [-12.82, -3.81, -9.25],
						"0.2083": [-53.53, -3.81, -9.25],
						"0.3333": [-60.32, -3.81, -9.25],
						"0.5": [7.18, -3.81, -9.25],
						"0.7083": [-17.82, -3.81, -9.25],
						"0.8333": [-12.82, -3.81, -9.25]
					}
				},
				"rightArm": {
					"rotation": {
						"0.0417": [-15.23, 3.16, 6.8],
						"0.2083": [-122.48, 14.47, -6.31],
						"0.3333": [-140.35356, 16.34984, -8.493],
						"0.5": [-65.35356, 16.34984, -8.493],
						"0.7083": [-5.23, 3.16, 6.8],
						"0.8333": [-15.23, 3.16, 6.8]
					}
				},
				"leftLeg": {
					"rotation": [14.78217, 2.57594, -9.6658]
				},
				"rightLeg": {
					"rotation": [-12.5, 0, 5]
				}
			}
		},
		"animation.player_third_person_raphael.attack_1": {
			"loop": "hold_on_last_frame",
			"animation_length": 0.91667,
			"anim_time_update": "query.anim_time + (query.delta_time * 2)",
			"bones": {
				"root": {
					"rotation": [0, -12.5, 0]
				},
				"body": {
					"rotation": {
						"0.0": [0, 0, 0],
						"0.2917": [-8.10692, -46.96776, 11.02705],
						"0.4583": [25, 32.5, 0],
						"0.6667": [0, -5, 0],
						"0.8333": [0, 0, 0]
					}
				},
				"head": {
					"rotation": {
						"0.0833": [0.42, 7.5, 0],
						"0.375": [-5.5413, -4.73259, 5.5413],
						"0.5417": [25, 32.5, 0],
						"0.75": [0.41641, 0.0002, -0.05482],
						"0.9167": [0.42, 7.5, 0]
					}
				},
				"leftArm": {
					"rotation": {
						"0.0417": [-12.82, -3.81, -9.25],
						"0.3333": [-59.58425, -25.80709, -21.63228],
						"0.5": [-87.17609, 21.63993, -19.31993],
						"0.7083": [-4.96855, -4.2586, -14.24223],
						"0.875": [-12.82, -3.81, -9.25]
					}
				},
				"rightArm": {
					"rotation": {
						"0.0417": [-15.23, 3.16, 6.8],
						"0.3333": [-60.62326, -21.156, -6.31203],
						"0.5": [-95.27095, 0.93737, 5.65467],
						"0.7083": [-12.94053, 1.83688, 1.97354],
						"0.875": [-15.23, 3.16, 6.8]
					}
				},
				"leftLeg": {
					"rotation": [14.78217, 2.57594, -9.6658]
				},
				"rightLeg": {
					"rotation": [-12.5, 0, 5]
				},
				"sai": {
					"rotation": {
						"0.2917": [0, 0, 0],
						"0.4583": [67.5, 0, 0],
						"0.6667": [0, 0, 0]
					},
					"position": {
						"0.2917": [0, 0, 0],
						"0.4583": [0, -3, 2],
						"0.6667": [0, 0, 0]
					}
				},
				"sai2": {
					"rotation": {
						"0.2917": [0, 0, 0],
						"0.4583": [67.5, 0, 0],
						"0.6667": [0, 0, 0]
					},
					"position": {
						"0.2917": [0, 0, 0],
						"0.4583": [0, -3, 2],
						"0.6667": [0, 0, 0]
					}
				}
			}
		},
		"animation.player_third_person_raphael.attack_2": {
			"loop": "hold_on_last_frame",
			"animation_length": 0.875,
			"anim_time_update": "query.anim_time + (query.delta_time * 2)",
			"bones": {
				"root": {
					"rotation": [0, -12.5, 0],
					"position": {
						"0.0": [0, 0, 0],
						"0.2917": [0, 0, 4],
						"0.4583": [0, 0, 0]
					}
				},
				"body": {
					"rotation": {
						"0.0": [0, 0, 0],
						"0.1667": [18.58, 30.42, 11.14],
						"0.2917": [21.67413, 35.49178, 12.99301],
						"0.4583": [18.54835, -19.03771, -6.24605],
						"0.6667": [-2.5, 2.5, 0],
						"0.7917": [0, 0, 0]
					}
				},
				"head": {
					"rotation": {
						"0.0833": [0.42, 7.5, 0],
						"0.25": [18.64, 31.49, 11.14],
						"0.375": [21.67413, 35.49178, 12.99301],
						"0.5417": [-2.39032, 22.0226, 2.51067],
						"0.75": [-4.58, 7.5, 0],
						"0.875": [0.42, 7.5, 0]
					}
				},
				"leftArm": {
					"rotation": {
						"0.0417": [-12.82, -3.81, -9.25],
						"0.2083": [-28.68, 8.88, 10.71],
						"0.3333": [-31.32757, 10.99803, 14.0349],
						"0.5": [40.6007, -2.62758, -15.37352],
						"0.7083": [-17.82, -3.81, -9.25],
						"0.8333": [-12.82, -3.81, -9.25]
					}
				},
				"rightArm": {
					"rotation": {
						"0.0417": [-15.23, 3.16, 6.8],
						"0.2083": [26.86, 6.93, 21.39],
						"0.3333": [33.87163, 7.5532, 23.81873],
						"0.5": [-86.73373, 25.31918, 3.3451],
						"0.7083": [-5.23, 3.16, 6.8],
						"0.8333": [-15.23, 3.16, 6.8]
					}
				},
				"leftLeg": {
					"rotation": {
						"0.0": [14.78217, 2.57594, -9.6658],
						"0.2917": [-15.21783, 2.57594, -9.6658],
						"0.4583": [14.78217, 2.57594, -9.6658]
					}
				},
				"rightLeg": {
					"rotation": {
						"0.0": [-12.5, 0, 5],
						"0.2917": [15, 0, 5],
						"0.4583": [-12.5, 0, 5]
					},
					"position": {
						"0.0": [0, 0, 0],
						"0.1667": [0, 2, 0],
						"0.2917": [0, 0, 0],
						"0.375": [0, 2, 0],
						"0.4583": [0, 0, 0]
					}
				},
				"sai2": {
					"rotation": {
						"0.3333": [0, 0, 0],
						"0.5": [75, 0, 0],
						"0.7083": [0, 0, 0]
					},
					"position": {
						"0.3333": [0, 0, 0],
						"0.5": [0, -5, 3],
						"0.7083": [0, 0, 0]
					}
				}
			}
		}
	}
}