{
	"format_version": "1.10.0",
	"animations": {
		"animation.player_third_person_leonardo.idle": {
			"loop": true,
			"animation_length": 1,
			"bones": {
				"body": {
					"rotation": {
						"0.0": [2.5, 0, 0],
						"0.5": {
							"pre": [0, 0, 0],
							"post": [0, 0, 0],
							"lerp_mode": "catmullrom"
						},
						"1.0": [2.5, 0, 0]
					}
				},
				"head": {
					"rotation": {
						"0.0": [6.67, 0, 0],
						"0.0833": [7.5, 0, 0],
						"0.5833": [2.5, 0, 0],
						"1.0": [6.67, 0, 0]
					}
				},
				"leftArm": {
					"rotation": {
						"0.0": [-16.87, -0.04, -0.21],
						"0.5417": {
							"pre": [-12.49067, -0.43399, -2.46207],
							"post": [-12.49067, -0.43399, -2.46207],
							"lerp_mode": "catmullrom"
						},
						"1.0": [-16.87, -0.04, -0.21]
					}
				},
				"rightArm": {
					"rotation": {
						"0.0": [-16.87, 0.04, 0.21],
						"0.5417": {
							"pre": [-12.49067, 0.43399, 2.46207],
							"post": [-12.49067, 0.43399, 2.46207],
							"lerp_mode": "catmullrom"
						},
						"1.0": [-16.87, 0.04, 0.21]
					}
				},
				"leftLeg": {
					"rotation": {
						"0.0": [0, 0, -10],
						"1.0": [0, 0, -10]
					}
				},
				"rightLeg": {
					"rotation": {
						"0.0": [-1.75758, 0.82281, 7.09565],
						"1.0": [-1.75758, 0.82281, 7.09565]
					}
				}
			}
		},
		"animation.player_third_person_leonardo.attack_0": {
			"loop": "hold_on_last_frame",
			"animation_length": 1.0417,
			"anim_time_update": "query.anim_time + (query.delta_time * 1.35)",
			"bones": {
				"root": {
					"position": [0, -0.5, 0]
				},
				"body": {
					"rotation": {
						"0.0": [0, 0, 0],
						"0.1667": [-6.43, 15, 0],
						"0.2917": [-7.5, 17.5, 0],
						"0.4583": [8.64388, -29.7174, -4.30963],
						"0.7083": [-2.5, 0, 0],
						"0.9583": [0, 0, 0]
					}
				},
				"head": {
					"rotation": {
						"0.0833": [0, 0, 0],
						"0.25": [-10.71, 0, 0],
						"0.375": [-12.5, 0, 0],
						"0.5417": [20, 0, 0],
						"0.7917": [-5, 0, 0],
						"1.0417": [0, 0, 0]
					}
				},
				"leftArm": {
					"rotation": {
						"0.0417": [0, 0, -5],
						"0.2083": [-22.59, 16.49, -23.31],
						"0.3333": [-26.36062, 19.24277, -26.36062],
						"0.5": [48.47553, 7.41968, -35.8132],
						"0.75": [-2.5, 0, -5],
						"1.0": [0, 0, -5]
					}
				},
				"rightArm": {
					"rotation": {
						"0.0417": [0, 0, 5],
						"0.2083": [-39.72, 25.62, 8.24],
						"0.3333": [-46.34154, 29.89373, 8.78236],
						"0.5": [-53.41794, -29.57782, 20.65241],
						"0.75": [2.47864, -0.32621, 7.49294],
						"1.0": [0, 0, 5]
					}
				},
				"leftLeg": {
					"rotation": [14.78217, 2.57594, -9.6658]
				},
				"rightLeg": {
					"rotation": [-14.78217, 2.57594, 9.6658]
				},
				"sword_right": {
					"rotation": {
						"0.3333": [0, 0, 0],
						"0.4167": [0, 0, -15],
						"0.5": [0, 0, 0]
					}
				}
			}
		},
		"animation.player_third_person_leonardo.attack_1": {
			"loop": "hold_on_last_frame",
			"animation_length": 1.0417,
			"anim_time_update": "query.anim_time + (query.delta_time * 1.35)",
			"bones": {
				"root": {
					"position": [0, -0.5, 0]
				},
				"body": {
					"rotation": {
						"0.0": [0, 0, 0],
						"0.1667": [-6.27, -10.51, 3.28],
						"0.2917": [-7.31883, -12.26069, 3.82943],
						"0.4583": [7.7614, 14.8687, 2.00307],
						"0.7083": [-2.5, 0, 0],
						"0.9583": [0, 0, 0]
					}
				},
				"head": {
					"rotation": {
						"0.0833": [0, 0, 0],
						"0.25": [-10.71, 0, 0],
						"0.375": [-12.5, 0, 0],
						"0.5417": [20, 0, 0],
						"0.7917": [-5, 0, 0],
						"1.0417": [0, 0, 0]
					}
				},
				"leftArm": {
					"rotation": {
						"0.0417": [0, 0, -5],
						"0.2083": [-53.33, -31.97, 2.25],
						"0.3333": [-104.29493, -47.03977, 6.5478],
						"0.5": [-47.4482, 38.86642, -39.35502],
						"0.75": [7.5, 0, -5],
						"1.0": [0, 0, -5]
					}
				},
				"rightArm": {
					"rotation": {
						"0.0417": [0, 0, 5],
						"0.2083": [-24.54, -13.26, 12.1],
						"0.3333": [-28.62702, -15.46973, 13.28342],
						"0.5": [25, 0, 27.5],
						"0.75": [-2.5, 0, 5],
						"1.0": [0, 0, 5]
					}
				},
				"leftLeg": {
					"rotation": [-12.5, 0, 0]
				},
				"rightLeg": {
					"rotation": [22.5, 0, 0]
				},
				"sword_left": {
					"rotation": {
						"0.4583": [0, 0, 0],
						"0.5417": [0, 0, 22.5],
						"0.625": [0, 0, 0]
					}
				}
			}
		},
		"animation.player_third_person_leonardo.attack_2": {
			"loop": "hold_on_last_frame",
			"animation_length": 1.0417,
			"anim_time_update": "query.anim_time + (query.delta_time * 1.35)",
			"bones": {
				"root": {
					"position": [0, -0.5, 0]
				},
				"body": {
					"rotation": {
						"0.0": [0, 0, 0],
						"0.1667": [-5.11, -0.15, -0.06],
						"0.2917": [-5.9643, -0.16926, -0.07182],
						"0.4583": [15, 0, 0],
						"0.7083": [-2.5, 0, 0],
						"0.9583": [0, 0, 0]
					}
				},
				"head": {
					"rotation": {
						"0.0833": [0, 0, 0],
						"0.25": [-10.71, 0, 0],
						"0.375": [-12.5, 0, 0],
						"0.5417": [20, 0, 0],
						"0.7917": [-5, 0, 0],
						"1.0417": [0, 0, 0]
					}
				},
				"leftArm": {
					"rotation": {
						"0.0417": [0, 0, -5],
						"0.2083": [-53.33, -31.97, 2.25],
						"0.3333": [-39.56724, -61.24642, -25.52578],
						"0.5": [-47.4482, 38.86642, -39.35502],
						"0.75": [7.5, 0, -5],
						"1.0": [0, 0, -5]
					}
				},
				"rightArm": {
					"rotation": {
						"0.0417": [0, 0, 5],
						"0.2083": [-39.72, 25.62, 8.24],
						"0.3333": [-30.87305, 45.78831, 33.51623],
						"0.5": [-53.41794, -29.57782, 20.65241],
						"0.75": [2.47864, -0.32621, 7.49294],
						"1.0": [0, 0, 5]
					}
				},
				"leftLeg": {
					"rotation": [-12.5, 0, 0]
				},
				"rightLeg": {
					"rotation": [22.5, 0, 0]
				},
				"sword_left": {
					"rotation": {
						"0.0": [0, 0, 0],
						"0.3333": [0, 0, 0],
						"0.4167": [0, 0, 75],
						"0.5": [0, 0, 0]
					}
				},
				"sword_right": {
					"rotation": {
						"0.3333": [0, 0, 0],
						"0.4167": [0, 0, -75],
						"0.5": [0, 0, 0]
					}
				}
			}
		}
	}
}