{
	"format_version": "1.10.0",
	"animations": {
		"animation.player_third_person_michelangelo.idle": {
			"loop": true,
			"animation_length": 1,
			"bones": {
				"body": {
					"rotation": {
						"0.0": {
							"post": [7.5, 0, 0],
							"lerp_mode": "catmullrom"
						},
						"0.5": {
							"post": [2.5, 0, 0],
							"lerp_mode": "catmullrom"
						},
						"1.0": {
							"post": [7.5, 0, 0],
							"lerp_mode": "catmullrom"
						}
					}
				},
				"head": {
					"rotation": {
						"0.0": [5.42, 0, 0],
						"0.0833": [7.5, 0, 0],
						"0.5833": [-5, 0, 0],
						"1.0": [5.42, 0, 0]
					}
				},
				"leftArm": {
					"rotation": {
						"0.0": [-0.42, 0, -10],
						"0.0417": [0, 0, -10],
						"0.5417": [-5, 0, -10],
						"1.0": [-0.42, 0, -10]
					}
				},
				"nunchuk_left2": {
					"rotation": {
						"0.0": [4.38, 0, 0],
						"0.125": [7.5, 0, 0],
						"0.625": [-5, 0, 0],
						"1.0": [4.38, 0, 0]
					}
				},
				"rightArm": {
					"rotation": {
						"0.0": [-0.38, 0.18, 10.41],
						"0.0417": [0, 0, 10],
						"0.5417": [-4.53359, 2.11089, 14.91643],
						"1.0": [-0.38, 0.18, 10.41]
					}
				},
				"nunchuk_right2": {
					"rotation": {
						"0.0": [4.38, 0, 0],
						"0.125": [7.5, 0, 0],
						"0.625": [-5, 0, 0],
						"1.0": [4.38, 0, 0]
					}
				},
				"leftLeg": {
					"rotation": [0, 0, -10]
				},
				"rightLeg": {
					"rotation": [0, 0, 10]
				}
			}
		},
		"animation.player_third_person_michelangelo.attack_0": {
			"loop": "hold_on_last_frame",
			"animation_length": 0.875,
			"anim_time_update": "query.anim_time + (query.delta_time * 1.5)",
			"bones": {
				"body": {
					"rotation": {
						"0.0": [0, 0, 0],
						"0.125": [-15.7, 17.84, -5.92],
						"0.25": [-18.84359, 21.40584, -7.09999],
						"0.4167": [30.44582, -11.73507, -4.3361],
						"0.625": [-2.5, 0, 0],
						"0.75": [0, 0, 0]
					}
				},
				"head": {
					"rotation": {
						"0.0833": [0, 0, 0],
						"0.2083": [-15.7, 17.84, -5.92],
						"0.3333": [-18.84359, 21.40584, -7.09999],
						"0.5": [30.44582, -11.73507, -4.3361],
						"0.7083": [-2.5, 0, 0],
						"0.8333": [0, 0, 0]
					}
				},
				"leftArm": {
					"rotation": {
						"0.0417": [-0.42, 0, -10],
						"0.1667": [-39.73, 15.14, -21.25],
						"0.2917": [-47.58853, 18.17127, -23.4992],
						"0.4583": [34.91147, 18.17127, -23.4992],
						"0.6667": [-2.92, 0, -10],
						"0.7917": [-0.42, 0, -10]
					}
				},
				"nunchuk_left2": {
					"rotation": {
						"0.0833": [0, 0, 0],
						"0.3333": [-27.5, 0, 0],
						"0.5": [20, 0, 0],
						"0.7083": [-5, 0, 0],
						"0.8333": [0, 0, 0]
					}
				},
				"rightArm": {
					"rotation": {
						"0.0417": [-0.38, 0.18, 10.41],
						"0.1667": [-114.37, 1.4, -5.15],
						"0.2917": [-137.16232, 1.64764, -8.25839],
						"0.4583": [-72.16232, 1.64764, -8.25839],
						"0.6667": [2.12, 0.18, 10.41],
						"0.7917": [-0.38, 0.18, 10.41]
					}
				},
				"nunchuk_right2": {
					"rotation": {
						"0.0417": [0, 0, 0],
						"0.2083": [-93.75, 0, 0],
						"0.2917": [-112.5, 0, 0],
						"0.4583": [-10, 0, 0],
						"0.6667": [17.5, 0, 0],
						"0.7917": [0, 0, 0]
					}
				},
				"leftLeg": {
					"rotation": [0, 0, -10]
				},
				"rightLeg": {
					"rotation": [0, 0, 10]
				}
			}
		},
		"animation.player_third_person_michelangelo.attack_1": {
			"loop": "hold_on_last_frame",
			"animation_length": 0.875,
			"anim_time_update": "query.anim_time + (query.delta_time * 1.25)",
			"bones": {
				"body": {
					"rotation": {
						"0.0": [0, 0, 0],
						"0.125": [-8.26, -36.96, 5.81],
						"0.25": [-9.90648, -44.35041, 6.97401],
						"0.375": [20.35293, 2.28738, 3.21394],
						"0.5": [-7.14707, 2.28738, 3.21394],
						"0.6667": [5, 0, 0],
						"0.7917": [0, 0, 0]
					}
				},
				"leftArm": {
					"rotation": {
						"0.0": [-0.42, 0, -10],
						"0.125": [-0.41, -0.09, -22.5],
						"0.25": [-0.40569, -0.1087, -24.99962],
						"0.5": [-110.40569, -0.1087, -24.99962],
						"0.6667": [4.58, 0, -10],
						"0.7917": [-0.42, 0, -10]
					}
				},
				"rightArm": {
					"rotation": {
						"0.0": [-0.38, 0.18, 10.41],
						"0.125": [-19.16, -0.04, -20.84],
						"0.25": [-22.91105, -0.08852, -27.08909],
						"0.5": [-102.88, 0.18, 10.41],
						"0.6667": [7.12, 0.18, 10.41],
						"0.7917": [-0.38, 0.18, 10.41]
					}
				},
				"leftLeg": {
					"rotation": {
						"0.0": [0, 0, -10],
						"0.125": [43.75, 0, -10],
						"0.25": [52.5, 0, -10],
						"0.5": [0, 0, -10],
						"0.6667": [22.5, 0, -10],
						"0.7917": [0, 0, -10]
					}
				},
				"rightLeg": {
					"rotation": {
						"0.0": [0, 0, 10],
						"0.125": [-35.42, 0, 10],
						"0.25": [-42.5, 0, 10],
						"0.5": [0, 0, -10],
						"0.6667": [-10, 0, 10],
						"0.7917": [0, 0, 10]
					}
				},
				"root": {
					"position": {
						"0.0": [0, 0, 0],
						"0.125": [0, -2.5, 0],
						"0.25": [0, -3, 0],
						"0.5": [0, 9, 0],
						"0.6667": [0, -1, 0],
						"0.7917": [0, 0, 0]
					}
				},
				"head": {
					"rotation": {
						"0.0833": [0, 0, 0],
						"0.2083": [-6.09, -12.22, 1.56],
						"0.3333": [-7.30583, -14.66592, 1.87269],
						"0.5833": [-24.0662, -5.55754, -2.32496],
						"0.75": [15, 0, 0],
						"0.875": [0, 0, 0]
					}
				}
			}
		},
		"animation.player_third_person_michelangelo.attack_2": {
			"loop": "hold_on_last_frame",
			"animation_length": 0.83333,
			"anim_time_update": "query.anim_time + (query.delta_time * 1.5)",
			"bones": {
				"body": {
					"rotation": {
						"0.0": [7.5, 0, 0],
						"0.125": [-17.5, 0, 0],
						"0.25": [-22.5, 0, 0],
						"0.4167": [47.5, 0, 0],
						"0.625": [2.5, 0, 0],
						"0.75": [7.5, 0, 0]
					}
				},
				"leftArm": {
					"rotation": {
						"0.0417": [-0.42, 0, -10],
						"0.1667": [-112.32, 12.09, -21.6],
						"0.2917": [-134.70014, 14.50492, -23.92053],
						"0.4583": [-29.7, 14.5, -23.92],
						"0.6667": [4.58, 0, -10],
						"0.7917": [-0.42, 0, -10]
					}
				},
				"rightArm": {
					"rotation": {
						"0.0417": [-0.38, 0.18, 10.41],
						"0.1667": [-109.51, -9.3, 18.61],
						"0.2917": [-131.33144, -11.19353, 20.25181],
						"0.4583": [-33.83, -11.19, 20.25],
						"0.6667": [4.62, 0.18, 10.41],
						"0.7917": [-0.38, 0.18, 10.41]
					}
				},
				"leftLeg": {
					"rotation": [0, 0, -10]
				},
				"rightLeg": {
					"rotation": [0, 0, 10]
				},
				"head": {
					"rotation": {
						"0.0833": [0, 0, 0],
						"0.2083": [-25, 0, 0],
						"0.3333": [-30, 0, 0],
						"0.5": [22.5, 0, 0],
						"0.7083": [-5, 0, 0],
						"0.8333": [0, 0, 0]
					}
				},
				"nunchuk_left2": {
					"rotation": {
						"0.0833": [0, 0, 0],
						"0.3333": [-87.5, 0, 0],
						"0.5": [42.5, 0, 0],
						"0.7083": [-5, 0, 0],
						"0.8333": [0, 0, 0]
					}
				},
				"nunchuk_right2": {
					"rotation": {
						"0.0833": [0, 0, 0],
						"0.3333": [-87.5, 0, 0],
						"0.5": [42.5, 0, 0],
						"0.7083": [-5, 0, 0],
						"0.8333": [0, 0, 0]
					}
				}
			}
		}
	}
}