{
    //////// Text colors ////////
    "$generic_button_text_color": [ 1.0, 1.0, 1.0 ], // for those times you find a button that's kind of used but shouldn't...
  
    "$light_button_default_text_color": [ 0, 0.2431372549019608, 0 ],
    "$light_button_hover_text_color": [ 1.0, 1.0, 1.0 ],
    "$light_button_pressed_text_color": [ 1.0, 1.0, 1.0 ],
    "$light_button_locked_text_color": [ 0.3, 0.3, 0.3 ],
    "$default_checked_text_color": [1, 1, 1, 1],

    "$title_text_color": [ 0, 0.2431372549019608, 0 ],

    //////// Color format colors ////////
    "$0_color_format": [ 0.0, 0.0, 0.0 ], // Black
    "$1_color_format": [ 0, 0.4941176470588235, 0.8941176470588235 ], // Dark Blue (LEO)
    "$2_color_format": [ 0.0, 0.667, 0 ], // Dark Green
    "$3_color_format": [ 0.0, 0.667, 0.667 ], // Dark Aqua
    "$4_color_format": [ 0.667, 0.0, 0.0 ], // Dark Red
    "$5_color_format": [ 0.6549019607843137, 0.1294117647058824, 0.9568627450980392 ], // Dark Purple (DON)
    "$6_color_format": [ 0.9254901960784314, 0.5254901960784314, 0 ], // Gold (MICH)
    "$7_color_format": [ 0.667, 0.667, 0.667 ], // Gray
    "$8_color_format": [ 0.333, 0.333, 0.333 ], // Dark Gray
    "$9_color_format": [ 0.333, 0.333, 1.0 ], // Blue
    "$a_color_format": [ 0.333, 1.0, 0.333 ], // Green
    "$b_color_format": [ 0.333, 1.0, 1.0 ], // Aqua
    "$c_color_format": [ 0.8549019607843137, 0.0980392156862745, 0 ], // Red (RAPH)
    "$d_color_format": [ 1.0, 0.333, 1.0 ], // Light Purple
    "$e_color_format": [ 1.0, 1.0, 0.333 ], // Yellow
    "$f_color_format": [ 1.0, 1.0, 1.0 ] // White
  }
  